1	268
1	289
3	266
3	288
4	357
5	305
5	381
6	344
7	190
11	60
11	173
12	32
13	88
13	183
14	273
15	204
17	238
18	219
20	93
21	248
21	363
23	115
24	28
24	36
24	52
24	181
25	51
26	189
28	173
28	186
29	79
31	199
31	388
32	121
32	317
32	352
36	177
37	69
37	380
41	44
41	222
41	286
42	137
43	317
43	387
44	300
45	213
45	327
47	382
48	110
48	262
48	358
50	316
51	55
52	367
55	328
55	391
56	107
56	160
57	117
58	291
64	233
65	73
65	204
65	276
67	114
68	395
69	243
69	330
69	345
72	113
73	77
73	122
74	140
74	351
79	215
79	373
80	87
80	163
80	212
80	378
82	301
83	89
84	392
85	151
88	316
88	393
91	183
92	266
94	112
94	260
96	338
98	102
104	362
106	307
107	359
110	381
111	275
112	373
113	214
113	384
115	149
115	206
115	389
116	189
117	334
118	295
120	383
120	385
122	392
124	381
128	329
130	329
131	168
131	312
134	329
136	190
137	272
138	173
139	225
140	178
140	248
140	376
142	261
143	324
145	212
148	334
151	219
153	226
155	197
157	173
157	393
158	163
158	265
158	359
159	228
160	194
160	229
160	378
162	177
166	257
167	310
170	234
173	355
175	176
175	273
177	313
178	196
179	232
182	334
182	349
184	280
186	338
187	192
190	390
191	305
194	351
196	315
199	292
199	361
201	338
201	349
202	339
203	288
204	352
207	239
209	226
209	251
212	323
212	328
213	252
215	289
216	282
218	302
220	326
222	243
231	317
233	264
233	276
236	281
236	397
238	397
242	383
243	266
253	379
257	277
257	278
260	389
261	316
262	378
263	327
264	375
267	378
268	355
280	297
282	382
286	315
288	385
296	346
302	342
304	379
308	383
309	386
312	320
312	380
314	332
316	366
322	380
324	325
331	372
348	384
348	400
354	355
356	369
362	380
368	369
2	27	184
2	88	152
2	205	254
3	381	390
4	11	78
5	69	319
5	205	231
7	23	324
7	73	332
8	48	256
9	148	200
11	199	357
12	324	341
14	41	166
14	149	195
15	44	236
15	51	83
15	58	153
15	95	243
15	174	382
15	218	342
15	238	258
18	147	202
20	44	190
20	263	357
22	168	346
23	24	256
24	26	239
25	27	171
25	313	366
27	201	305
27	311	392
28	83	305
28	182	341
31	85	266
31	302	305
32	76	361
33	194	217
34	126	144
37	162	265
39	171	328
40	260	341
41	166	210
42	82	182
42	103	231
43	94	264
46	147	309
46	191	272
49	54	211
51	65	400
51	71	397
51	121	214
52	111	112
54	70	182
54	308	372
55	288	293
56	59	154
56	244	352
59	69	303
59	82	115
59	174	244
61	168	399
63	176	343
64	114	268
66	171	310
66	339	345
67	149	226
70	237	272
70	337	345
71	106	200
71	122	317
71	213	380
72	79	144
73	265	310
77	193	304
80	150	258
80	158	210
80	289	307
80	319	330
82	88	146
82	140	161
85	121	324
87	111	181
88	188	343
89	121	168
89	273	326
90	204	339
91	193	325
92	119	294
92	126	150
93	106	175
93	140	163
96	199	209
97	223	377
98	153	376
98	299	322
100	191	386
101	212	274
101	228	285
102	131	269
102	275	357
106	127	128
109	269	376
111	260	330
114	163	345
114	167	275
122	152	171
123	222	298
127	223	302
128	160	173
132	250	323
136	261	268
140	244	257
142	260	292
143	235	364
143	335	367
146	157	396
148	171	382
148	222	246
148	372	386
152	226	365
152	314	363
153	180	201
156	188	220
157	167	194
160	164	198
162	260	332
163	371	372
165	194	246
166	262	282
167	310	312
170	337	383
171	228	279
174	181	281
174	204	357
175	264	338
178	198	284
181	378	392
183	265	398
185	316	350
186	349	389
188	263	341
196	288	396
197	215	364
205	215	360
205	281	378
206	228	317
206	254	382
207	278	293
212	369	397
215	267	320
218	225	333
219	279	340
222	310	351
224	231	318
229	305	361
233	291	399
235	360	362
239	271	313
248	290	343
248	308	375
250	280	372
251	269	391
256	282	304
256	311	318
257	321	325
257	336	357
266	349	397
271	303	363
277	352	362
281	309	355
292	369	397
320	359	391
335	387	395
350	369	370
1	2	241	366
1	75	130	215
2	11	26	261
2	25	307	394
2	95	128	251
3	32	232	310
3	183	294	388
3	196	293	351
3	207	225	288
4	19	165	340
4	154	252	380
4	240	326	364
5	142	301	375
6	52	137	303
6	116	377	382
7	21	218	339
7	123	233	254
7	127	170	253
8	110	214	388
8	193	207	208
10	109	341	389
11	204	230	391
12	146	246	269
12	148	149	220
12	219	222	259
12	286	312	330
14	122	297	381
14	190	252	303
15	58	93	280
15	169	175	285
15	286	373	376
16	126	148	237
17	19	37	77
17	165	237	248
18	61	326	378
18	134	138	331
19	150	257	338
20	91	167	399
20	272	325	400
21	81	83	259
21	105	335	352
21	174	207	382
22	39	89	106
22	50	279	363
23	45	146	229
24	103	293	367
25	34	98	376
26	63	113	391
26	130	135	383
26	270	343	349
28	55	254	330
28	88	167	287
28	172	244	263
29	71	303	386
29	80	185	234
29	97	174	375
30	88	101	109
31	112	272	356
31	124	208	342
32	170	328	358
32	251	328	329
33	150	153	184
34	82	88	154
34	161	294	324
34	176	383	394
38	212	237	343
40	51	238	317
40	82	314	390
40	263	286	382
41	190	274	294
41	200	213	334
42	174	204	241
42	303	343	365
43	44	196	237
43	68	255	334
43	105	224	228
43	151	288	368
43	196	221	284
44	170	259	340
45	53	96	145
45	73	189	366
45	85	233	297
45	96	211	287
45	108	219	324
47	60	277	354
47	198	234	286
48	101	107	336
48	115	141	385
49	62	80	237
50	60	107	308
53	55	76	103
53	276	355	387
54	72	168	231
57	78	252	282
58	148	154	179
59	135	237	374
60	65	92	347
60	222	260	302
60	281	307	356
62	92	277	353
62	178	387	393
62	257	340	399
62	316	380	391
63	75	123	340
64	193	223	329
64	286	294	304
65	102	166	171
66	69	195	252
69	91	252	318
70	194	275	299
71	73	134	219
73	102	145	321
74	111	153	310
75	153	179	202
75	220	252	295
76	206	312	392
79	90	294	339
80	86	298	358
81	97	262	322
81	142	184	236
82	164	230	388
82	284	339	373
83	161	218	312
83	185	306	362
83	362	386	396
84	255	264	355
85	176	222	298
86	137	171	369
86	160	168	299
88	172	180	216
89	155	240	285
90	110	113	169
91	98	154	329
91	175	353	391
92	136	252	253
93	132	266	397
93	206	264	274
94	315	336	394
95	165	181	207
95	256	271	273
98	122	144	273
99	163	323	373
99	175	192	352
99	182	258	269
99	184	217	396
103	148	329	392
103	185	315	397
103	202	250	389
103	235	273	344
104	130	228	284
104	206	362	395
105	118	278	307
105	231	283	359
106	117	325	373
106	310	344	388
108	250	263	399
111	289	300	312
112	119	328	347
112	164	195	350
114	227	326	371
115	120	190	334
116	212	259	293
117	154	291	320
118	236	264	332
121	124	164	301
123	196	280	282
127	210	223	358
131	251	332	386
136	170	255	291
140	210	216	232
140	295	350	378
142	155	352	369
146	148	375	377
147	174	204	273
148	199	273	298
149	282	353	388
153	167	284	302
154	301	344	390
155	176	302	360
157	188	267	299
158	277	301	372
159	162	239	352
162	200	349	388
163	178	197	312
164	299	343	352
165	215	262	282
168	174	196	230
169	236	252	331
172	196	216	336
172	242	250	374
172	295	356	388
174	187	256	269
174	192	203	222
175	181	294	316
175	234	278	360
175	299	300	361
179	248	351	363
179	255	282	391
182	235	271	363
184	265	278	371
190	226	270	389
191	199	303	388
195	196	234	310
196	228	230	363
202	231	300	344
206	292	341	367
211	224	307	392
218	247	257	294
239	285	291	326
241	292	307	397
242	247	365	397
255	314	342	344
280	355	393	398
309	369	387	396
1	20	76	101	317
1	77	273	308	332
1	134	166	169	267
1	148	227	254	381
1	176	230	284	285
1	197	277	352	391
1	222	245	273	384
2	21	88	225	268
2	58	97	257	269
3	130	148	197	264
4	113	123	289	304
4	270	366	374	384
5	11	65	235	294
5	53	128	259	329
7	124	188	195	248
8	58	167	180	243
8	77	142	373	375
9	47	105	156	393
10	14	33	47	81
10	86	339	383	399
10	139	160	236	347
10	169	201	208	395
11	81	229	365	390
11	132	210	258	268
12	18	124	175	292
12	62	77	79	114
12	104	326	347	394
12	127	190	361	364
13	66	110	214	286
13	129	144	149	359
14	148	157	242	380
15	28	88	263	385
15	40	103	160	227
15	40	117	235	386
15	89	253	309	387
16	30	237	281	328
16	61	196	259	324
16	163	166	312	323
17	167	262	263	371
18	36	79	130	154
18	48	142	245	253
18	55	120	263	317
18	56	209	330	387
18	151	175	220	291
19	77	130	321	332
20	88	222	289	379
20	220	236	275	400
21	27	63	193	390
21	137	173	247	329
21	163	232	344	364
22	24	87	165	334
22	151	246	280	373
23	27	247	342	382
23	38	40	86	251
23	41	171	293	396
24	33	180	304	317
24	44	74	131	153
24	59	96	197	354
25	29	90	126	261
25	114	311	327	388
25	119	250	327	347
26	48	80	212	340
26	168	315	327	370
27	30	63	131	160
28	36	248	276	312
28	83	98	250	375
29	31	55	200	205
29	66	106	267	286
29	107	159	177	373
29	169	172	309	345
30	62	144	387	398
30	70	176	261	349
30	84	94	264	297
30	89	199	206	228
30	215	269	308	336
31	42	118	377	397
31	102	107	109	378
32	61	72	80	350
32	92	236	257	328
32	97	215	323	336
32	119	261	285	381
33	72	143	320	365
34	53	135	141	277
34	70	117	291	315
34	98	115	287	338
34	112	177	266	295
35	132	288	297	350
35	155	171	320	379
36	65	114	277	318
37	40	139	295	399
37	122	146	287	292
37	123	124	149	183
37	128	181	208	335
39	54	74	305	339
39	171	249	310	375
40	44	80	123	213
42	49	103	366	389
44	58	81	270	387
46	57	199	280	284
46	66	325	348	384
46	210	313	362	378
47	132	143	156	302
47	169	213	258	271
48	115	269	309	329
48	157	186	245	282
49	96	183	188	192
50	75	101	175	332
50	200	201	215	266
52	63	107	331	363
53	215	232	258	375
54	56	107	232	303
54	65	127	195	238
54	137	187	254	342
54	222	245	248	261
55	59	67	158	300
55	147	173	259	320
55	239	290	360	364
56	71	107	237	369
58	60	166	167	209
59	113	160	231	364
59	150	237	376	396
59	262	327	362	388
61	86	129	266	375
61	103	116	336	382
61	127	146	305	361
62	106	259	292	385
63	89	153	254	259
65	67	156	176	238
65	147	155	215	376
67	117	246	298	310
67	280	286	309	352
68	105	250	251	327
68	187	212	230	382
71	78	119	200	370
71	122	171	216	266
71	164	214	340	350
73	119	198	235	303
73	223	306	314	317
74	82	254	332	389
75	139	143	166	184
75	152	285	318	395
75	157	255	294	309
75	335	372	376	384
76	87	166	217	385
77	108	233	300	331
77	164	181	288	370
77	180	229	234	375
80	175	189	318	329
80	245	289	341	361
82	116	278	322	394
82	145	199	340	400
83	86	94	196	374
83	105	225	341	374
84	99	163	216	311
84	292	337	349	352
85	91	150	262	392
87	200	228	277	324
89	202	257	365	378
89	212	236	277	357
89	265	304	369	374
92	100	168	361	385
92	103	112	192	194
93	161	303	306	397
93	186	285	290	303
93	219	275	338	358
98	126	166	167	387
104	121	171	248	309
105	182	187	375	386
105	201	326	385	397
106	115	174	188	260
107	144	173	219	294
107	171	196	250	309
109	132	185	357	371
110	204	223	344	370
113	132	150	165	350
113	137	234	293	323
113	175	241	340	396
114	207	243	388	393
116	226	249	286	335
116	246	253	299	304
118	151	183	217	295
120	261	317	321	346
122	154	275	312	376
122	269	277	319	386
123	157	173	193	227
127	155	236	278	385
127	165	290	304	388
128	141	301	337	392
133	180	189	215	317
133	246	298	316	372
133	272	296	380	387
134	158	182	196	250
144	182	246	279	382
146	166	267	371	374
147	197	355	385	394
147	252	320	356	370
149	205	284	315	354
156	210	229	272	317
156	243	260	369	386
156	299	305	325	329
159	166	248	268	279
168	225	253	272	288
169	189	255	264	343
170	197	200	320	355
170	206	242	368	400
192	209	239	256	265
197	200	206	207	270
205	218	338	354	399
224	252	292	299	336
227	315	345	350	397
242	306	326	391	398
1	81	92	147	260	361
1	96	134	346	391	394
1	153	208	283	369	394
2	44	161	176	226	319
2	61	104	251	259	386
3	25	40	49	152	218
3	39	101	118	188	241
3	57	273	279	299	363
5	34	240	251	285	400
5	64	114	144	297	388
5	83	105	339	347	387
5	104	113	172	290	350
5	143	213	248	271	387
5	166	184	250	272	398
6	9	11	179	334	393
6	11	52	103	190	379
6	41	65	262	273	283
7	69	91	188	279	293
8	25	40	110	140	364
8	81	201	225	322	386
9	120	152	300	346	387
10	82	187	216	285	381
10	147	203	214	384	400
11	50	74	92	161	395
11	145	242	244	262	354
11	257	294	328	374	384
12	17	42	193	269	332
12	21	216	247	281	314
12	61	178	272	293	365
12	81	121	194	275	282
12	92	140	147	271	369
13	53	66	204	243	395
14	18	30	32	223	350
14	32	139	268	277	355
14	104	110	121	194	364
15	51	124	154	305	326
15	117	157	201	244	345
17	62	79	144	147	155
17	122	141	280	292	322
19	24	157	211	212	239
19	92	135	190	325	375
20	46	212	233	296	393
20	117	198	241	275	308
21	96	103	196	210	305
21	248	286	312	334	340
22	35	69	188	197	202
22	90	113	155	192	384
22	95	245	278	306	317
22	108	193	263	340	367
23	44	136	145	240	379
24	104	118	132	166	207
24	131	230	342	359	376
25	69	109	178	256	345
25	206	213	238	277	290
26	44	106	109	326	327
26	44	113	190	308	360
26	121	295	320	355	390
27	37	107	110	213	332
27	57	134	156	305	326
27	78	124	190	324	327
28	49	92	198	246	311
28	75	274	279	303	381
28	126	127	155	183	314
28	228	272	325	343	346
30	32	74	93	227	362
31	33	273	341	354	358
31	34	199	210	232	350
31	42	114	193	315	348
31	50	133	208	332	338
31	53	157	214	215	271
31	55	133	139	178	312
31	119	160	282	327	340
31	160	164	251	278	325
32	40	205	230	288	346
32	67	202	230	283	378
32	92	128	205	299	301
33	46	115	120	247	316
33	53	66	102	191	221
33	110	173	229	249	263
34	107	144	158	205	366
37	40	88	119	165	211
37	60	91	271	323	331
38	43	73	108	109	323
38	45	60	144	286	378
38	222	226	254	286	397
39	100	272	293	324	329
39	102	129	201	219	257
39	227	257	324	380	393
40	42	93	178	236	392
40	53	63	182	228	330
41	71	174	218	236	238
42	60	146	280	293	318
42	133	214	356	386	391
42	153	172	225	288	338
43	87	148	202	267	351
43	190	192	230	238	259
44	75	111	132	135	313
45	47	208	288	346	376
45	58	275	290	306	359
46	189	220	298	322	358
47	156	181	209	210	364
47	215	230	338	349	361
48	69	161	255	338	398
48	120	196	315	364	396
49	74	240	261	266	385
50	111	128	148	229	356
51	60	154	223	282	364
51	61	100	116	190	315
51	93	98	130	152	327
51	154	216	332	346	369
51	156	200	310	353	364
51	186	191	197	269	378
51	186	207	242	327	350
51	204	229	273	298	349
52	69	76	146	251	277
52	301	309	358	365	376
53	78	175	251	310	364
54	56	103	142	217	251
54	67	76	134	209	295
55	103	169	252	292	386
56	61	90	129	249	268
56	70	131	184	209	321
56	137	151	201	288	358
57	64	184	297	354	395
58	143	210	291	319	353
59	128	266	292	328	375
59	134	282	308	326	346
60	62	118	216	256	303
60	147	234	289	339	384
61	82	130	180	293	396
61	101	126	193	224	256
61	124	194	223	322	359
61	151	172	210	356	388
62	141	145	271	316	364
63	168	246	299	301	375
64	79	134	145	357	399
64	137	175	236	294	396
65	77	115	122	227	381
66	99	131	151	204	311
67	94	115	133	152	207
67	119	261	264	331	353
68	104	109	121	122	288
68	133	177	205	343	399
71	94	107	189	201	362
71	98	106	117	258	377
72	148	178	226	321	394
73	105	121	171	188	394
73	112	222	300	321	363
74	148	296	303	305	324
76	84	114	135	245	331
76	85	112	187	297	318
76	92	133	252	270	348
76	169	222	232	249	353
79	126	148	194	296	391
80	83	217	335	356	386
81	117	149	266	301	305
83	87	89	165	229	246
83	92	97	152	223	235
83	140	206	269	286	293
84	125	156	283	304	316
87	134	164	179	261	372
88	152	215	283	327	400
88	187	201	204	228	307
90	108	110	136	259	367
91	143	154	341	344	367
92	106	168	206	250	361
93	209	212	235	305	309
94	151	316	348	365	379
94	258	281	293	324	396
96	147	156	253	271	284
97	146	219	221	315	388
98	121	194	231	293	327
99	165	167	221	234	380
101	186	187	211	305	340
104	291	319	337	344	358
105	201	243	304	313	318
105	244	294	297	327	377
112	141	164	175	193	224
112	167	226	227	255	267
112	177	191	235	300	352
113	189	209	217	350	357
113	201	271	339	372	382
114	148	151	224	225	296
115	157	234	258	269	300
116	249	334	353	356	399
118	145	247	274	334	365
119	127	188	218	227	389
122	123	136	147	207	255
122	180	236	291	320	349
124	135	160	211	281	376
125	126	196	279	296	365
125	134	167	212	249	374
128	153	157	198	221	350
130	164	235	308	328	371
133	184	188	347	354	380
141	191	212	224	296	314
143	147	204	238	287	334
144	177	206	258	313	400
144	177	221	296	387	397
146	152	185	271	377	386
149	158	290	337	385	388
149	184	213	230	239	334
166	198	224	271	274	395
172	230	258	289	309	351
174	196	245	360	369	372
186	216	286	290	355	385
195	204	229	303	312	351
196	248	269	312	361	376
208	293	298	322	359	377
235	297	314	320	322	375
239	257	310	337	369	400
