1	670
1	721
3	660
3	713
4	881
5	745
5	934
6	833
7	438
11	63
11	346
11	965
13	98
13	336
14	542
15	347
17	387
18	313
19	922
21	300
21	587
22	879
23	625
23	645
23	685
24	31
24	644
25	952
27	831
27	862
28	551
30	763
31	266
31	519
32	40
32	127
35	454
36	127
36	904
39	789
40	273
40	433
40	955
42	383
42	558
43	275
43	946
44	274
46	274
46	473
46	854
47	141
48	839
49	108
50	810
53	469
53	626
53	776
53	908
54	712
56	116
61	353
61	790
62	181
62	361
63	689
65	352
65	799
66	82
66	119
68	145
68	874
68	986
69	915
70	513
74	507
74	902
74	987
75	252
75	374
75	789
77	345
77	608
79	316
79	501
82	509
82	701
84	671
85	735
86	969
87	425
89	323
90	338
95	941
97	470
98	432
100	873
101	431
102	499
102	820
103	348
104	292
104	435
104	893
105	209
106	387
106	996
108	837
108	841
110	472
111	941
114	891
116	476
116	746
117	223
119	508
120	605
121	591
121	999
122	906
123	562
123	737
124	181
125	313
126	240
127	366
129	830
131	682
133	205
134	496
135	791
136	477
136	506
136	761
136	995
137	407
137	923
138	147
138	519
139	350
142	333
143	192
144	881
147	336
148	165
148	407
149	775
150	188
150	831
153	188
153	224
154	289
155	663
155	829
158	381
158	691
160	680
161	775
163	560
163	733
164	838
164	864
165	498
165	864
166	681
168	189
169	285
169	346
171	289
171	301
171	578
172	771
173	388
174	526
175	664
176	525
181	505
182	393
182	422
183	857
184	331
185	330
187	265
187	365
192	394
193	778
193	779
195	505
195	669
196	366
196	582
197	240
198	451
198	724
203	355
204	364
205	557
206	502
208	973
210	893
211	680
212	838
213	285
213	787
213	937
214	463
214	971
216	647
216	892
218	707
221	951
221	989
222	827
223	306
223	942
224	657
228	943
231	309
231	702
232	495
234	801
234	851
237	425
238	335
240	750
241	323
242	850
245	588
249	653
251	896
254	304
254	925
255	976
256	276
256	323
256	551
256	949
257	375
257	439
262	523
265	448
266	734
269	904
270	685
272	572
274	448
275	965
279	398
279	698
280	408
280	908
285	698
286	828
287	493
289	923
291	456
296	841
300	535
302	667
303	849
304	922
305	350
306	805
312	498
312	689
316	726
320	372
320	410
320	693
322	420
325	413
326	688
328	423
328	557
329	756
333	579
333	655
334	463
337	616
340	809
341	913
345	669
346	474
346	958
352	490
352	704
352	944
353	386
353	786
354	507
357	382
362	911
367	457
367	494
367	931
367	986
369	774
370	425
374	639
377	559
379	598
380	575
381	540
382	617
383	856
384	792
384	826
385	991
386	555
390	990
392	725
393	697
394	568
396	744
398	456
398	511
398	943
399	878
404	613
409	597
411	970
415	603
415	620
425	714
427	572
432	558
433	437
438	680
443	564
447	869
450	517
451	519
451	736
453	959
456	584
456	777
457	527
460	966
461	642
461	827
464	941
465	873
468	898
471	719
472	896
474	492
475	702
476	792
479	770
480	500
482	742
482	834
483	980
486	625
489	833
491	537
493	498
493	971
495	656
501	940
502	625
508	617
508	806
509	523
509	602
510	521
513	883
515	728
517	583
518	559
520	562
520	954
524	632
526	722
527	859
529	765
533	988
534	557
534	926
535	644
537	745
537	802
538	548
538	569
541	810
543	634
545	674
546	708
549	736
554	791
556	642
557	646
559	719
559	732
561	754
564	646
564	852
566	744
569	744
572	706
572	761
572	800
573	809
576	810
577	728
580	992
583	870
585	652
587	738
589	961
589	988
594	717
595	800
603	848
609	873
613	878
613	887
614	821
614	963
622	913
623	919
625	988
628	744
629	718
632	786
634	719
637	970
640	824
642	735
647	804
651	687
653	858
655	916
656	795
657	894
659	786
659	926
664	857
671	793
674	743
680	792
682	742
683	980
690	814
691	839
693	810
696	754
696	840
696	996
701	999
708	724
708	813
714	930
715	923
719	955
723	858
725	898
725	975
749	853
756	940
758	783
761	992
767	823
767	861
773	814
774	925
774	962
776	784
777	904
779	785
780	782
785	1000
788	828
789	837
789	956
790	845
790	946
802	828
807	829
811	851
811	966
816	904
823	971
847	937
855	990
857	951
888	912
905	961
918	984
926	995
942	959
944	971
1	217	377
1	332	506
1	369	751
1	445	676
3	16	780
3	99	177
3	257	831
4	16	338
6	287	978
7	446	654
7	660	949
9	342	542
10	200	829
11	158	579
11	283	543
12	101	328
13	600	676
14	313	939
15	165	527
15	310	588
16	171	999
16	334	818
16	821	950
17	42	345
17	156	749
17	659	973
18	227	251
18	686	955
18	916	932
20	218	517
20	796	822
21	236	777
21	821	947
22	196	928
22	572	626
23	258	709
23	452	532
24	283	669
24	573	898
25	40	688
26	282	305
27	153	344
27	175	868
27	189	912
27	193	218
29	337	1000
29	441	833
29	483	496
29	554	643
30	43	406
30	190	922
30	339	762
30	738	798
31	79	275
31	375	691
32	419	499
34	203	617
34	244	782
34	380	734
35	594	946
35	814	894
36	596	666
37	112	466
37	680	778
38	948	955
40	169	988
42	124	889
44	68	879
45	947	985
47	533	751
47	688	771
48	248	681
49	675	904
50	239	804
50	585	694
51	221	623
52	325	453
53	107	423
53	160	480
53	737	863
54	287	971
54	322	678
55	381	806
55	588	842
56	240	774
56	353	783
57	208	716
57	531	557
58	335	347
58	411	489
58	463	827
59	69	147
59	75	951
59	195	866
59	276	736
59	329	766
60	317	352
60	323	733
61	155	682
61	501	557
63	69	540
63	142	632
63	886	991
64	200	203
65	291	633
66	176	612
66	792	934
68	93	640
70	430	550
70	611	622
70	657	732
72	77	287
73	290	845
74	189	504
76	158	422
76	350	587
77	219	476
77	523	638
77	597	977
77	749	863
77	906	965
78	98	680
78	320	641
78	931	958
81	399	861
83	273	784
83	686	848
84	87	635
84	474	832
89	150	186
90	279	357
90	419	505
92	127	510
93	284	556
94	293	735
94	587	904
94	773	846
96	178	280
96	420	819
97	146	916
97	564	701
98	199	711
98	290	351
99	451	644
100	196	674
102	155	264
102	479	806
102	660	891
102	662	694
103	349	378
104	353	729
104	764	794
105	555	643
107	394	761
108	144	459
108	236	503
108	288	461
108	298	752
109	212	758
110	297	334
112	219	708
112	758	977
113	162	830
114	277	854
114	357	435
114	567	569
116	173	444
116	384	941
116	503	854
116	552	820
118	260	658
118	354	700
118	501	962
119	708	722
120	784	874
120	868	878
121	662	978
122	757	988
123	220	437
124	816	900
125	439	505
126	371	687
127	133	299
127	355	548
127	654	804
128	433	455
128	508	656
128	649	954
128	722	952
129	454	758
129	702	776
130	466	762
131	564	633
132	188	992
132	212	258
132	309	949
133	372	953
134	599	901
135	142	825
135	290	977
135	363	583
137	214	390
137	279	921
138	161	268
139	237	243
140	218	910
140	221	736
140	241	309
142	367	688
143	394	887
143	615	860
146	659	699
149	716	797
152	578	922
152	710	873
153	733	906
154	838	985
155	235	519
156	267	986
156	421	812
157	381	866
158	466	725
159	399	794
161	236	779
163	487	856
163	586	842
163	722	754
164	489	1000
164	889	900
165	219	292
166	175	554
166	326	430
166	483	506
169	196	318
170	861	865
171	282	932
171	468	639
173	272	392
173	364	929
173	494	548
174	546	584
175	588	769
177	753	983
178	555	685
180	727	897
181	418	559
181	838	949
182	422	429
185	240	561
185	488	931
185	731	788
187	690	703
188	360	525
188	473	981
190	294	791
190	338	815
190	353	473
190	561	686
190	681	771
192	264	615
192	480	673
192	531	978
195	682	994
196	216	339
197	450	942
197	607	691
198	291	511
198	403	949
199	376	708
200	294	809
200	332	884
203	227	430
205	208	278
205	219	786
205	259	524
207	271	350
207	283	620
208	491	761
208	572	796
208	658	986
212	653	706
217	657	900
219	229	607
219	260	899
219	374	868
220	393	977
220	484	820
221	703	723
223	230	456
224	696	829
224	745	880
225	279	784
225	917	947
227	437	474
227	457	927
228	475	885
230	347	854
231	331	762
231	522	898
231	765	955
234	413	798
234	446	462
234	786	905
238	271	577
238	357	584
238	372	531
238	474	564
243	720	919
244	611	678
245	392	921
245	461	861
246	367	544
249	372	957
249	410	695
249	439	460
250	369	954
253	644	697
253	899	940
254	394	637
254	410	778
260	382	395
261	387	889
262	713	966
265	527	671
265	861	894
267	384	774
271	405	685
273	729	916
274	324	981
274	649	785
276	613	633
277	343	855
279	658	830
280	390	939
280	699	941
287	532	848
288	471	899
288	741	925
289	377	709
289	605	607
289	726	777
290	373	799
290	418	612
291	494	755
295	926	998
298	409	420
299	887	992
304	421	904
307	453	649
308	416	571
310	385	460
311	860	913
312	458	875
312	565	845
312	699	937
314	390	802
314	621	683
314	806	884
317	573	717
319	795	867
320	536	722
322	497	533
324	730	886
326	438	595
332	490	644
333	605	665
338	426	959
340	486	569
342	659	664
344	511	679
347	625	927
348	746	782
349	511	743
351	398	701
351	441	884
351	540	707
353	488	867
358	582	974
359	360	823
361	473	885
363	403	698
364	370	410
364	370	783
366	368	566
367	456	804
368	380	500
368	637	838
371	461	966
372	418	534
373	428	780
373	778	811
377	588	980
381	424	757
381	439	472
381	571	623
381	758	882
381	885	931
382	393	987
383	642	903
384	435	720
384	844	956
385	872	971
386	632	668
388	645	693
388	834	836
390	582	925
393	888	940
402	480	882
403	427	652
405	746	954
405	814	960
408	967	975
411	472	973
411	483	547
412	578	829
412	648	754
413	449	473
417	497	599
420	504	954
422	468	698
422	554	810
424	635	683
426	470	810
427	651	866
429	838	910
430	563	791
436	572	784
439	625	993
439	888	982
440	938	972
442	574	830
444	629	670
448	924	943
450	700	841
450	715	778
451	807	907
453	481	588
453	487	796
453	573	868
453	574	709
453	613	653
454	577	767
457	474	788
458	489	938
460	622	882
460	942	997
465	650	710
467	578	609
467	749	790
469	679	870
470	788	893
476	596	880
479	619	965
479	663	673
480	677	755
483	512	871
484	745	879
485	600	705
485	963	976
486	626	959
489	682	959
493	576	735
494	630	651
496	531	868
497	696	731
501	736	821
504	778	972
505	677	877
508	613	811
509	546	962
517	759	915
517	843	985
522	638	995
524	694	909
524	803	941
528	854	879
533	633	944
533	647	718
533	759	893
535	733	845
544	664	832
546	563	891
550	705	807
555	757	804
555	888	970
557	706	753
560	641	685
570	586	676
573	751	897
574	618	855
578	741	804
582	866	963
584	821	916
590	633	785
592	720	738
593	737	940
598	771	779
601	817	905
604	627	988
608	711	794
615	627	770
625	633	820
627	816	821
628	641	714
648	694	836
649	653	720
649	691	987
652	770	908
652	823	998
654	805	894
658	675	908
662	767	865
667	673	884
669	732	995
678	753	769
680	792	819
685	733	767
687	924	925
688	750	943
698	821	999
705	781	999
715	841	888
742	785	971
747	767	814
752	761	929
752	762	887
757	869	941
768	870	895
769	969	998
843	871	1000
886	918	955
903	943	959
1	212	590	592
1	259	316	542
2	45	926	998
2	451	588	849
2	524	676	993
4	68	175	714
4	98	521	892
4	458	709	894
5	288	656	912
5	854	891	937
6	146	673	940
6	155	205	605
6	227	250	978
6	576	689	722
7	86	95	496
7	420	570	717
7	429	482	884
8	118	133	807
8	144	519	757
8	253	399	780
8	280	417	568
9	61	106	696
9	267	640	642
10	47	160	247
10	83	191	483
10	92	578	706
10	133	330	773
10	365	527	602
10	454	598	677
10	817	872	939
11	136	196	832
12	86	101	928
12	632	670	937
13	58	592	652
13	686	898	994
14	112	539	974
14	161	245	332
14	276	386	976
14	489	574	845
15	255	699	711
16	324	649	812
18	197	363	884
20	45	260	520
20	476	745	892
21	76	158	555
21	287	518	810
22	203	885	907
23	56	270	321
23	230	478	873
23	299	419	818
23	487	738	916
25	265	375	759
25	677	929	935
26	508	728	835
26	656	692	916
27	35	114	662
27	154	201	859
27	231	735	873
27	356	552	647
27	450	622	915
28	235	526	799
29	143	826	990
29	216	219	237
29	227	418	594
30	138	212	978
30	289	450	994
30	616	708	947
31	220	328	694
31	308	336	745
32	388	818	970
33	139	225	488
33	396	646	752
33	419	555	719
33	807	829	958
34	97	110	336
34	97	129	919
35	36	297	823
35	136	473	977
36	245	708	998
37	253	445	794
37	381	901	998
37	479	620	967
38	70	248	556
38	189	394	579
38	253	544	780
38	267	336	951
38	291	753	983
38	370	504	670
39	104	635	961
39	163	494	859
40	93	390	709
40	114	292	360
40	605	657	756
40	627	747	927
41	305	413	962
42	180	537	833
42	796	861	937
43	194	424	813
44	159	285	811
45	71	461	770
45	95	784	906
45	110	439	654
46	136	434	772
46	380	938	961
47	125	415	655
47	168	377	417
47	282	730	908
48	78	150	801
48	126	836	873
48	253	544	750
49	208	400	634
49	275	427	551
49	915	939	1000
50	73	263	994
50	159	656	921
51	203	276	310
51	283	686	854
51	539	673	817
52	137	262	581
52	404	900	983
52	814	983	987
54	312	472	650
55	61	676	710
55	74	416	838
55	834	895	913
57	115	689	932
57	371	445	646
58	88	682	830
58	352	856	995
59	95	184	327
59	183	218	523
59	245	394	624
61	152	179	394
61	492	522	945
62	105	439	698
64	244	605	717
64	260	332	408
64	431	591	598
65	138	544	848
65	378	521	574
66	535	639	839
68	283	502	985
68	438	697	862
68	483	774	872
68	720	772	864
71	197	202	206
73	208	523	571
73	453	499	599
74	121	269	577
74	245	388	527
74	285	951	969
74	322	763	952
74	326	691	889
75	181	398	674
75	444	522	987
75	447	703	796
76	80	263	878
77	478	785	819
77	544	714	831
78	140	276	931
79	157	323	773
79	581	692	895
80	167	484	972
80	285	502	984
81	113	551	993
81	180	909	954
81	381	611	733
81	392	793	936
81	474	663	809
83	94	441	941
84	276	424	458
84	330	484	824
84	625	643	836
84	655	903	906
85	268	449	776
86	331	688	691
88	441	578	957
88	648	731	959
90	320	378	859
90	543	552	769
91	176	280	834
91	257	577	864
91	275	467	755
92	257	308	428
92	636	906	995
93	133	793	986
94	158	202	732
95	469	470	815
97	140	220	527
97	156	312	397
97	215	397	622
98	253	647	986
101	187	360	538
101	320	851	980
102	221	559	786
103	230	372	660
104	280	772	809
105	106	331	616
105	434	736	977
105	468	734	963
106	166	403	615
106	192	361	472
106	212	635	891
106	241	898	901
106	552	826	919
107	190	238	853
107	396	635	924
110	265	335	773
110	282	485	625
111	492	916	996
112	188	490	554
112	299	305	794
112	391	737	824
113	149	156	351
113	267	283	687
113	330	955	987
113	568	691	845
114	169	669	908
114	209	528	980
116	168	393	740
116	371	462	902
119	208	278	537
120	380	780	988
123	210	276	451
123	250	371	649
124	185	576	847
124	400	410	578
124	540	644	731
125	166	296	960
125	184	809	875
125	428	574	631
125	776	833	976
126	153	585	715
127	458	462	501
128	236	641	714
130	180	183	764
130	361	488	821
131	303	568	645
131	368	804	990
132	192	574	768
133	350	676	981
133	409	421	480
134	245	524	832
137	259	483	897
138	268	584	934
139	180	428	820
141	812	945	953
143	340	725	728
144	325	405	440
145	269	331	430
146	156	378	765
147	148	849	953
147	628	901	904
148	342	820	868
149	276	467	844
149	382	491	618
149	516	755	961
153	184	616	941
154	377	779	810
156	326	478	776
157	272	540	838
158	224	353	436
158	313	607	618
158	449	756	915
158	529	569	609
159	202	333	897
159	370	383	993
159	372	523	840
159	700	769	802
160	470	488	742
161	472	638	800
164	375	419	998
164	400	596	637
164	579	826	920
165	446	624	883
165	530	912	920
166	182	325	598
166	450	466	706
166	476	486	758
166	556	668	946
167	360	413	969
168	255	409	662
169	638	670	755
171	626	691	747
172	526	666	841
174	224	465	753
176	368	660	773
176	537	695	810
176	570	708	767
177	234	546	642
177	263	329	654
177	308	396	575
177	515	581	763
178	298	680	745
179	272	359	378
179	669	917	956
180	724	777	961
182	379	541	841
183	243	408	701
183	389	588	849
184	204	759	889
184	294	390	741
185	296	331	790
194	197	528	947
195	356	425	875
196	447	527	957
197	269	325	450
198	241	815	824
198	389	648	807
200	203	323	778
200	495	655	870
206	509	734	915
207	246	552	614
207	291	486	609
207	345	726	769
207	402	542	632
209	268	385	827
209	274	328	948
209	557	750	753
211	387	518	571
213	771	800	803
216	477	544	983
217	265	303	946
217	450	523	551
217	639	685	857
218	319	331	603
219	225	404	619
220	671	840	934
221	293	422	643
227	260	774	777
227	417	675	913
229	398	537	800
231	404	676	957
231	454	849	911
231	500	765	864
232	255	506	723
233	495	572	640
234	414	770	829
235	507	935	975
238	273	979	980
239	527	569	767
243	245	686	930
243	254	293	433
244	495	673	698
245	559	764	943
247	377	381	765
247	694	697	757
248	450	480	863
248	677	750	801
254	318	459	977
256	295	324	645
256	543	577	955
257	387	432	592
257	487	912	915
260	538	903	981
261	805	882	910
263	291	519	602
263	712	720	935
265	333	358	834
265	476	661	911
268	418	577	886
272	295	386	594
273	461	604	647
276	544	714	817
277	819	865	898
278	522	835	981
282	287	311	421
283	299	699	982
283	629	699	886
284	490	627	862
289	417	609	759
289	588	657	804
290	358	449	569
291	748	944	948
293	297	333	974
293	418	435	746
293	525	630	753
295	517	522	732
296	308	486	853
297	369	625	650
297	390	496	930
297	454	689	720
299	302	598	831
300	443	501	656
301	464	489	648
301	488	581	836
304	433	463	664
305	397	775	802
305	864	965	966
306	443	764	979
310	473	474	572
311	398	596	701
312	474	505	766
314	367	728	951
314	380	547	585
317	572	602	703
318	393	604	905
320	605	777	907
320	673	756	786
321	867	961	964
323	388	698	809
325	468	637	772
326	477	519	723
326	586	915	983
331	355	873	945
331	610	624	929
335	342	713	955
337	501	524	853
337	642	769	823
342	445	482	552
342	750	798	913
348	350	657	826
349	402	609	694
350	368	563	857
353	518	796	973
353	878	881	951
356	624	817	957
358	404	454	585
360	704	726	972
361	466	805	902
364	381	571	684
366	569	741	862
375	509	677	801
375	596	862	978
382	638	680	874
385	445	652	791
386	430	795	974
388	545	737	844
389	598	836	933
391	760	905	971
392	441	910	917
396	476	674	860
405	564	667	944
411	443	678	729
412	623	826	872
414	420	714	806
414	529	710	933
414	567	641	944
416	709	765	870
417	499	686	947
419	592	826	967
422	464	628	720
427	543	579	744
427	706	734	745
430	660	825	924
431	821	914	993
433	653	797	979
433	658	674	843
437	573	606	749
439	488	503	998
439	743	948	959
444	612	679	780
445	491	594	993
446	778	811	850
453	652	719	725
453	704	734	891
456	591	875	959
458	748	781	890
459	624	892	964
459	673	723	978
464	519	545	571
470	723	808	912
471	720	791	851
473	506	844	865
475	802	808	973
477	574	660	839
477	635	673	845
478	529	545	715
480	529	821	962
480	616	806	831
480	777	849	878
481	724	871	948
489	646	659	914
491	725	843	992
493	680	769	924
494	539	767	839
496	710	906	969
498	679	827	859
500	513	517	797
510	559	595	991
522	837	890	920
539	776	830	839
551	732	942	969
559	661	788	845
578	644	758	894
581	793	922	936
585	736	802	948
591	651	761	794
631	682	818	946
638	647	754	958
662	680	699	765
776	864	962	964
787	881	885	964
792	906	933	935
1	46	237	579	853
2	101	374	620	979
2	187	216	321	382
2	293	362	528	921
2	559	567	596	939
2	570	750	938	974
3	47	107	115	859
3	421	516	570	842
3	460	774	898	922
4	125	200	340	601
4	236	241	505	915
4	701	811	851	897
5	26	132	386	778
6	29	87	117	262
6	162	472	789	971
6	359	588	669	782
7	17	216	392	443
7	27	389	453	752
7	195	753	779	892
8	10	17	88	923
8	53	207	390	692
8	347	369	386	520
9	32	503	519	751
9	193	494	614	950
9	303	471	542	773
9	627	633	659	878
10	46	260	475	1000
10	162	467	973	985
11	35	37	52	842
12	388	650	854	920
13	30	319	420	982
13	265	474	653	732
15	519	859	862	863
16	120	445	700	985
16	461	564	680	864
17	36	149	560	585
17	213	591	602	615
18	23	49	501	896
18	59	214	328	732
18	110	251	337	500
19	47	236	254	389
19	115	358	452	877
19	125	456	477	878
19	140	208	411	768
19	166	624	896	932
20	26	272	406	1000
20	31	47	186	564
20	298	410	684	781
21	55	340	549	623
22	41	110	388	861
22	112	740	878	911
22	163	239	830	877
22	235	385	629	658
24	336	372	896	955
24	342	399	568	761
25	111	479	605	863
25	157	364	419	495
25	170	346	652	931
25	217	378	465	991
25	414	428	825	991
26	63	368	460	941
27	28	145	254	979
27	155	159	509	710
27	189	232	613	921
27	272	469	597	648
27	414	852	912	946
28	38	406	539	816
28	187	202	723	782
28	190	505	539	990
29	31	45	264	730
29	317	590	838	968
29	511	667	882	968
30	304	627	789	973
30	312	408	718	883
30	745	848	864	982
31	549	563	683	748
33	259	577	659	974
33	440	479	710	781
35	130	194	247	536
36	284	331	526	877
37	64	80	148	202
37	181	297	494	512
37	217	432	817	913
38	196	576	606	716
38	225	335	547	749
38	813	857	951	956
39	57	759	795	975
39	557	759	786	988
41	150	161	447	671
41	337	571	583	901
42	193	568	792	901
42	399	812	945	968
42	524	877	914	985
42	775	840	973	975
44	85	222	357	657
44	366	588	701	784
45	151	474	510	659
46	102	211	641	683
46	232	327	399	678
47	708	835	918	931
48	347	529	725	770
50	78	79	463	565
50	198	588	721	753
50	211	233	471	789
51	180	521	749	898
51	203	299	432	945
52	69	286	578	915
52	107	417	724	818
52	132	389	812	851
52	221	611	759	793
52	303	335	434	730
52	518	624	637	648
52	601	750	908	936
53	76	377	848	908
53	213	334	722	781
54	88	277	861	932
55	69	346	350	774
55	166	176	290	372
56	88	394	395	556
56	417	739	756	928
56	495	521	530	883
57	81	527	662	781
57	173	590	849	851
57	205	460	831	909
57	385	491	879	973
58	135	623	763	787
58	200	697	832	875
58	322	450	457	881
59	220	364	733	979
60	87	405	848	933
60	174	735	808	887
61	107	381	687	775
61	120	130	594	931
62	395	494	515	739
62	466	500	517	813
62	479	797	855	949
63	102	514	516	717
63	576	746	767	892
64	81	161	349	453
64	210	491	838	998
64	290	407	600	991
65	132	499	572	625
66	77	171	418	500
66	83	165	623	819
67	186	812	834	944
68	507	653	656	902
69	82	153	178	588
69	116	424	913	959
69	382	387	454	993
70	158	675	696	762
70	229	521	627	775
70	378	541	573	679
71	79	167	567	679
71	210	321	618	960
71	214	343	680	734
72	224	580	659	820
72	349	589	691	971
73	267	665	816	844
74	125	270	375	434
74	432	450	699	968
74	592	613	761	813
75	142	375	541	988
75	435	625	954	973
76	127	346	460	825
76	277	487	511	531
76	581	668	714	927
77	346	349	645	954
78	154	170	782	937
78	329	346	864	948
80	103	415	890	951
82	215	548	570	940
82	356	586	922	966
83	292	527	561	909
83	364	633	685	938
85	439	672	731	867
86	332	616	693	863
86	652	719	849	935
88	123	133	457	965
88	294	388	517	907
89	179	295	609	638
90	114	386	525	938
90	554	581	607	724
90	584	651	727	765
91	287	845	857	978
92	459	707	900	910
92	527	570	690	871
94	97	364	491	500
94	142	163	365	447
94	216	567	640	642
94	296	573	684	766
94	385	531	543	614
95	399	402	541	565
97	375	522	563	642
98	169	189	234	436
98	372	424	518	892
99	300	458	595	760
99	371	632	886	900
101	127	310	609	811
101	258	366	422	661
101	528	688	763	770
104	400	640	726	816
104	537	683	730	938
105	274	434	831	870
106	118	506	864	872
107	154	394	754	873
107	381	548	720	952
108	175	439	740	804
108	285	453	479	504
110	342	368	722	969
111	171	251	351	792
111	341	542	602	660
111	359	424	738	1000
112	126	374	902	947
112	189	253	297	909
112	428	638	715	793
113	184	297	712	833
113	187	400	762	813
113	457	560	758	891
113	461	549	623	707
114	158	432	559	573
114	173	408	580	836
114	294	372	585	606
114	357	629	729	891
114	448	635	743	851
115	244	908	931	999
116	162	365	640	715
116	173	264	314	690
116	597	692	881	925
117	144	708	721	820
118	180	445	700	920
118	360	720	818	879
119	214	516	756	826
120	173	471	677	973
121	163	175	360	425
121	169	199	520	864
121	249	455	668	831
121	661	848	979	993
122	213	224	750	947
122	249	486	756	765
122	365	511	668	695
124	149	612	731	922
125	164	231	267	891
125	184	348	403	946
125	322	494	622	943
125	808	852	894	950
127	185	303	503	955
128	309	550	729	761
129	337	398	488	663
130	249	331	605	806
130	457	540	741	931
131	284	381	542	648
131	427	435	640	906
132	236	748	791	949
132	476	599	762	933
132	514	658	777	853
135	168	211	541	781
135	260	271	308	342
135	350	403	759	859
136	521	580	729	859
137	140	528	690	998
138	284	393	408	613
138	350	467	682	698
139	483	492	748	811
140	274	331	517	862
141	180	319	504	942
141	307	519	802	912
141	528	882	932	981
144	211	335	665	699
144	256	433	548	810
144	525	584	612	922
144	639	643	808	875
146	218	500	587	879
146	525	730	793	869
146	575	672	680	1000
147	215	344	492	939
147	424	665	721	983
148	239	413	442	457
148	260	376	503	561
152	184	437	710	977
152	186	321	359	685
152	389	417	770	988
152	502	587	653	877
153	269	375	758	971
153	323	437	498	668
155	255	708	754	902
156	170	690	785	939
156	220	493	934	985
156	221	377	780	844
156	434	452	839	944
158	479	501	667	791
159	178	268	714	959
159	270	281	412	789
160	600	750	782	970
162	210	267	524	796
162	416	885	937	983
164	216	233	354	462
164	234	467	499	558
164	236	502	523	729
164	310	338	503	886
164	368	449	903	921
165	327	525	742	840
167	274	564	912	961
167	376	491	672	957
167	505	855	952	987
168	208	555	631	975
169	349	441	712	965
172	376	610	862	939
173	213	473	570	805
174	448	731	788	926
175	488	803	874	886
176	305	450	613	834
177	387	830	936	956
177	420	575	807	924
178	415	693	770	879
179	236	723	764	941
179	243	281	472	620
179	358	389	665	924
180	298	812	853	986
180	400	642	885	955
182	219	842	887	957
184	227	387	602	801
187	216	439	560	964
187	317	816	828	867
187	526	681	937	952
188	245	345	662	974
188	360	446	798	908
189	213	239	732	802
189	225	433	502	684
189	524	558	629	858
191	476	674	864	962
193	219	493	579	684
193	649	674	916	925
194	299	582	587	692
195	292	582	649	786
196	238	446	812	862
197	283	527	699	860
197	391	520	743	846
197	485	506	612	682
198	521	907	957	970
199	218	317	558	802
200	392	526	759	805
200	404	424	524	652
201	409	476	871	959
202	224	584	867	915
202	367	612	678	775
205	222	300	368	401
205	373	718	817	958
208	415	462	767	818
209	315	435	449	643
210	225	283	635	750
210	235	669	771	865
211	526	585	626	834
215	218	563	615	893
215	342	412	565	739
216	440	565	635	791
217	303	716	763	962
218	494	804	863	980
219	267	381	662	711
221	331	471	743	922
222	260	810	892	976
222	335	380	436	443
222	377	532	776	861
223	485	683	757	974
224	337	574	658	973
224	354	609	859	973
226	431	699	703	804
226	582	768	905	918
227	284	453	740	808
227	294	320	628	840
228	249	416	521	867
228	737	738	962	963
229	416	697	724	844
230	503	507	629	761
234	251	603	693	746
234	453	567	638	731
235	513	726	748	776
236	406	680	921	999
237	248	396	498	570
238	269	538	682	821
240	309	414	593	826
240	373	571	804	922
240	398	461	774	924
242	319	543	599	906
242	631	696	743	948
244	270	465	508	860
244	385	528	645	956
248	278	410	541	838
248	301	560	618	838
248	352	691	793	820
250	614	692	719	922
251	368	742	776	955
252	582	618	730	739
254	588	784	946	960
255	279	503	689	777
255	370	706	718	736
256	297	599	633	895
256	518	723	946	987
257	259	301	857	910
258	352	417	712	747
259	335	453	527	809
261	326	696	740	995
262	343	426	555	813
264	486	499	978	992
266	309	720	846	894
266	523	619	690	806
268	418	779	801	996
269	308	463	584	858
269	389	666	714	798
270	302	323	446	760
271	316	700	745	968
272	406	591	801	958
276	345	594	650	997
276	472	550	723	917
276	506	566	781	997
278	562	638	721	933
279	365	719	908	997
280	309	337	366	648
280	382	464	559	960
281	286	295	882	971
283	388	462	714	834
286	406	487	652	672
288	327	467	535	609
290	542	769	857	928
291	446	687	850	932
295	412	784	809	848
296	325	448	516	713
296	422	589	752	930
301	535	733	960	992
302	303	640	814	1000
302	371	444	636	734
307	498	524	555	761
308	521	771	923	934
315	342	403	531	890
316	423	464	601	881
321	346	801	820	890
322	355	433	750	866
327	342	554	830	946
331	582	743	766	870
331	631	650	868	906
332	397	432	716	934
333	356	560	812	818
333	474	540	557	656
336	534	870	901	952
341	445	509	668	704
343	643	739	755	795
344	449	630	771	925
345	364	466	608	993
345	578	887	943	956
347	535	663	975	992
349	392	561	757	786
349	641	741	896	949
351	368	537	629	670
354	464	541	683	963
356	404	733	943	996
356	439	572	801	949
356	463	556	571	749
362	485	522	632	937
367	568	616	702	993
375	383	735	797	843
376	608	632	907	923
377	398	729	757	951
378	646	744	918	951
381	629	808	812	851
382	419	618	624	641
386	412	528	649	757
387	616	743	776	872
388	420	620	808	847
388	509	547	658	865
394	483	556	774	898
398	403	528	781	988
400	588	851	926	988
401	518	556	566	769
402	578	674	760	776
404	564	891	925	949
407	628	749	803	904
411	722	808	834	910
413	591	702	989	999
414	508	802	894	950
418	433	580	970	979
422	524	742	796	847
440	466	832	899	926
449	520	728	841	880
458	553	661	721	812
462	545	652	720	770
463	605	628	772	990
468	489	586	667	707
478	493	568	602	677
488	499	558	724	795
488	542	760	859	953
491	515	618	801	871
498	608	741	761	965
499	630	640	664	782
500	506	653	872	920
503	783	839	901	948
509	551	696	777	787
516	520	558	708	851
523	578	647	896	948
524	604	726	752	890
527	554	558	686	916
527	770	858	987	993
559	591	653	748	906
583	605	723	735	830
592	604	719	856	879
600	613	622	742	915
614	645	727	787	982
627	628	636	795	952
629	647	691	783	991
642	665	785	786	909
683	728	744	827	994
717	838	929	942	974
1	34	307	387	401	599
1	79	88	638	693	800
1	113	143	289	552	896
1	115	581	657	733	984
1	208	375	380	407	733
2	266	304	343	560	797
3	8	17	51	186	486
3	59	103	470	495	641
3	79	402	734	812	992
3	86	416	624	633	958
3	495	612	732	837	887
4	6	179	346	840	901
4	172	237	255	283	471
4	264	703	850	923	941
6	176	227	509	874	880
6	201	567	616	700	929
6	500	606	619	660	832
7	133	547	604	669	742
7	140	282	608	902	954
8	92	398	452	511	909
8	230	322	584	698	849
8	552	732	749	896	915
9	119	198	546	848	872
9	282	315	382	482	801
9	330	422	458	581	707
10	114	294	455	858	945
10	188	582	596	601	792
11	48	118	290	572	762
11	90	178	188	475	504
11	301	484	502	698	903
12	63	97	290	802	912
12	125	473	604	704	709
12	439	672	756	794	865
13	24	227	411	499	957
13	171	304	336	667	742
13	198	201	224	728	781
13	265	274	689	699	760
14	141	273	344	434	563
14	241	444	494	601	852
15	226	293	346	689	955
16	92	424	660	712	767
16	254	255	422	920	982
16	348	746	781	895	966
17	27	81	156	650	829
17	78	451	884	922	997
17	367	375	574	858	898
18	94	127	201	866	923
18	134	237	792	798	916
18	241	379	425	662	729
19	48	88	129	293	738
20	44	56	360	599	978
21	74	627	630	685	933
21	82	123	450	544	897
21	183	502	591	770	992
21	201	329	400	757	907
22	56	244	493	603	679
22	105	166	274	681	769
22	342	371	582	593	905
22	393	588	740	850	860
23	138	518	576	761	978
23	228	301	801	840	843
23	234	485	815	831	835
23	308	341	349	375	919
24	33	85	126	175	527
24	125	242	464	768	940
24	212	519	599	807	936
26	257	370	475	742	967
27	158	324	402	541	590
27	810	861	910	972	997
29	65	290	401	706	937
29	249	256	347	870	950
30	41	441	631	686	839
30	54	96	362	695	984
30	61	120	200	370	681
31	214	410	412	846	987
31	469	488	533	928	957
32	52	477	849	873	977
32	77	214	602	746	788
32	426	540	639	723	742
34	352	664	860	891	930
35	133	432	578	587	642
35	362	410	863	967	977
36	175	371	423	642	674
37	67	192	349	451	692
37	106	270	275	606	698
37	408	661	740	768	817
38	193	246	262	680	759
39	62	84	408	488	700
39	141	274	342	911	961
40	57	280	587	608	855
40	125	246	678	765	767
40	132	534	622	962	979
40	157	190	365	480	862
40	198	284	352	615	773
40	208	221	234	676	967
40	222	275	861	914	997
40	383	504	533	661	851
41	49	521	563	667	796
41	155	198	355	834	941
41	257	321	570	668	903
41	276	311	382	444	875
42	49	84	176	567	989
42	132	174	271	625	995
42	187	299	684	723	870
42	367	401	575	765	772
43	341	735	786	949	997
44	97	521	548	575	678
45	61	163	705	952	971
45	69	88	189	309	709
45	97	108	205	464	533
45	199	295	604	977	983
46	247	456	503	707	761
47	212	273	352	517	906
48	85	256	272	455	855
48	156	390	414	674	865
49	143	476	515	624	685
49	339	566	638	732	886
50	198	271	337	700	957
51	189	288	382	665	773
52	161	454	518	666	814
53	139	150	372	431	826
53	162	280	509	812	843
54	97	140	270	274	902
55	89	307	315	659	704
55	108	158	240	603	687
55	112	216	261	487	577
55	147	625	801	842	996
56	198	335	477	626	703
57	162	300	487	823	981
58	124	404	438	825	869
59	136	266	424	431	730
59	249	326	436	462	733
60	561	647	747	900	949
61	77	525	716	739	966
61	178	707	830	967	987
62	110	375	735	739	743
63	132	389	531	862	873
63	211	367	425	597	635
63	260	271	581	762	992
63	465	792	911	922	956
64	222	417	486	770	965
64	267	305	648	861	956
65	68	122	288	507	560
65	120	329	802	893	928
65	131	315	394	410	848
65	182	506	566	572	753
66	183	510	546	903	923
66	247	290	736	765	851
67	117	129	421	428	508
67	144	207	611	620	680
67	230	673	736	775	973
67	419	518	590	721	981
68	346	362	427	520	613
70	205	362	419	840	941
70	209	513	534	616	688
72	120	180	219	598	935
73	254	285	390	530	646
74	82	214	288	805	968
74	88	257	350	747	979
74	156	348	766	778	960
74	157	358	553	620	796
74	206	543	776	785	923
74	243	244	388	677	982
74	288	316	429	900	1000
74	303	631	738	754	838
74	313	320	512	570	800
75	144	303	317	710	732
75	192	199	278	343	350
75	344	451	534	546	900
75	352	425	464	517	706
76	94	113	486	793	939
76	209	541	603	817	951
78	123	181	460	478	695
78	161	424	749	771	815
80	221	300	658	807	884
80	321	822	856	878	903
81	186	250	566	907	981
81	256	348	524	635	833
81	258	297	383	823	892
82	120	600	649	693	801
82	197	601	742	847	923
82	326	509	759	892	944
83	287	307	552	694	908
83	391	399	628	722	801
84	94	257	408	445	484
84	121	295	524	952	983
84	524	568	609	628	823
86	164	204	454	524	677
86	368	551	662	899	948
87	528	565	771	889	978
88	256	450	532	578	876
90	339	435	463	616	774
91	150	316	330	491	593
91	362	384	436	832	978
92	189	348	353	474	837
92	488	791	884	885	928
94	281	334	367	487	561
95	122	235	899	914	980
95	175	465	737	820	843
95	616	744	880	888	941
96	158	428	462	501	820
96	190	208	241	413	425
96	329	357	506	630	677
96	355	816	880	906	974
96	523	529	672	694	805
97	155	425	642	659	822
98	272	391	637	948	956
99	114	339	481	568	925
100	546	645	859	870	933
100	666	752	764	779	834
102	312	448	494	627	772
103	266	330	383	930	989
104	257	325	432	595	917
104	293	294	382	410	697
104	320	496	523	927	963
104	477	633	666	965	987
105	110	188	385	411	696
105	352	641	664	757	965
105	401	446	709	831	881
107	146	282	380	435	611
107	419	745	786	987	998
107	565	677	738	791	893
108	145	392	487	491	642
108	154	272	608	770	791
108	176	434	636	656	797
109	158	189	223	291	896
109	329	493	592	686	741
109	333	404	748	796	975
109	567	631	660	844	990
110	131	264	316	800	809
111	258	396	512	664	810
111	269	311	315	329	678
111	593	628	817	913	921
113	133	439	448	755	997
113	211	469	529	676	802
113	227	360	431	720	946
113	405	486	528	582	794
113	409	431	526	668	856
113	457	479	538	634	723
114	185	212	484	669	681
114	190	234	299	462	837
114	235	421	476	784	844
115	189	456	482	658	702
116	344	653	733	768	940
119	121	325	559	610	632
119	209	515	586	603	844
119	264	388	461	563	673
120	415	548	887	959	961
121	427	481	561	851	966
121	444	573	578	579	631
122	129	182	241	456	758
122	337	361	412	430	464
122	358	524	588	823	932
123	175	562	617	979	982
124	151	228	302	366	585
124	383	498	717	722	829
125	298	723	771	773	833
125	452	575	722	737	999
126	253	493	707	919	950
126	450	499	528	540	658
127	168	481	577	678	939
127	297	482	722	743	929
128	163	212	342	697	972
128	419	553	666	777	916
129	390	493	605	863	980
131	217	485	727	826	931
131	294	431	437	507	567
134	231	283	391	923	959
134	301	446	642	730	966
134	407	570	617	768	775
134	727	769	823	922	985
135	195	409	490	858	995
135	203	351	504	593	662
135	689	692	708	728	980
136	258	316	443	507	535
137	219	233	649	680	900
140	283	351	362	458	858
141	175	288	350	701	918
141	314	351	363	883	946
142	184	403	528	757	834
144	288	478	587	870	958
145	500	697	858	871	880
146	442	467	662	677	792
147	269	379	615	923	932
148	333	451	542	572	957
149	247	323	487	784	854
150	229	746	752	914	974
152	162	487	728	947	983
152	181	282	285	717	941
152	272	561	667	917	998
152	276	565	609	873	988
152	501	577	705	766	833
153	212	227	418	421	940
154	167	220	396	929	949
154	199	289	395	500	849
154	405	450	479	655	849
154	601	622	705	795	925
155	284	519	759	764	940
155	385	705	796	811	971
156	177	246	255	479	830
156	409	624	652	712	911
158	341	374	687	860	907
159	428	791	808	855	895
160	271	297	499	546	995
161	179	196	441	949	1000
162	227	239	255	571	607
163	247	523	759	813	831
164	227	538	576	618	795
164	403	464	488	759	824
166	392	530	636	680	896
167	286	681	715	738	970
167	434	520	719	768	799
168	169	324	330	446	867
168	293	301	405	522	650
168	307	337	635	822	863
168	433	672	684	732	998
169	178	331	408	871	917
170	363	430	515	693	728
171	231	309	434	514	843
174	204	240	393	571	983
174	285	368	432	589	796
175	278	525	663	693	966
175	313	351	563	603	863
177	252	320	498	587	729
179	346	430	535	614	911
180	289	357	617	791	872
182	212	447	561	691	711
182	362	649	825	952	972
183	282	306	395	558	976
186	537	669	811	937	947
188	237	291	415	543	781
190	197	303	326	712	761
191	358	591	759	849	888
191	364	409	440	627	918
192	232	372	430	471	741
192	287	398	903	940	968
193	269	273	818	897	924
195	204	609	824	892	938
196	218	486	548	841	926
196	297	384	421	656	995
197	267	451	608	816	825
201	721	731	845	847	939
202	335	624	791	932	978
203	256	363	478	517	789
203	368	427	581	727	999
207	293	307	326	741	959
207	327	429	555	646	673
208	281	319	608	762	868
209	304	370	496	728	970
210	433	446	714	955	963
210	658	679	729	829	846
212	296	815	938	965	972
213	405	766	805	892	968
213	486	623	748	899	985
214	390	482	796	836	846
218	238	543	689	764	874
220	329	547	689	774	820
220	470	476	522	560	739
222	248	489	907	926	994
223	337	404	419	680	772
224	666	752	782	804	954
225	228	510	704	767	926
225	490	647	745	870	940
226	228	279	614	751	903
226	276	502	812	894	991
226	346	491	493	515	636
226	486	583	663	682	863
228	281	610	722	889	892
228	337	703	766	836	838
229	304	387	692	818	890
231	343	565	638	915	987
233	278	295	608	797	870
234	243	359	531	673	826
234	637	643	703	910	975
234	715	725	829	870	896
235	364	374	394	530	682
236	271	346	671	772	801
240	242	498	630	685	967
243	363	570	659	715	899
245	276	631	803	876	999
246	294	651	680	745	874
246	315	520	558	597	764
250	340	380	823	898	961
250	552	722	900	933	995
251	375	564	650	702	974
253	379	380	437	825	836
253	423	459	555	744	958
255	273	454	522	666	674
255	322	365	443	481	772
257	301	521	536	545	549
258	274	286	552	701	813
258	347	399	574	803	875
258	412	491	581	873	913
260	296	351	540	728	971
262	375	451	590	649	936
263	297	506	618	697	738
263	527	685	739	747	885
268	409	766	814	948	992
269	355	570	797	876	975
269	380	457	706	958	979
271	478	512	523	835	925
272	385	504	678	957	975
272	432	554	734	936	972
274	320	353	429	751	802
274	397	601	635	662	938
274	466	768	826	872	882
279	529	627	632	733	818
281	822	826	838	872	996
284	371	529	730	752	904
284	418	659	751	821	988
285	391	612	715	883	889
289	344	479	495	614	864
291	307	389	716	863	933
293	395	420	644	892	992
293	397	631	636	811	857
293	482	722	772	811	821
294	308	616	629	811	842
298	356	717	722	935	980
300	338	855	874	901	992
301	537	551	602	607	748
304	327	573	642	680	976
304	372	482	644	690	765
306	308	521	716	811	916
306	413	719	775	776	951
307	452	618	722	819	945
309	426	479	809	826	943
314	518	672	757	878	968
315	341	358	494	579	741
316	502	522	663	900	993
322	494	498	593	660	750
324	412	453	501	543	850
332	336	445	564	741	770
334	593	712	750	843	995
335	363	491	609	610	871
337	634	673	760	909	923
340	552	663	744	745	916
344	354	766	803	831	979
345	461	533	648	671	748
347	446	586	601	783	979
350	395	419	511	615	919
350	510	650	710	724	736
352	659	729	886	945	952
353	433	487	588	786	957
356	381	488	489	542	961
359	414	416	550	602	895
364	546	718	724	742	797
373	539	554	839	940	942
375	519	535	694	726	1000
379	440	448	474	804	809
386	476	556	642	718	889
389	392	649	715	942	966
390	437	448	599	675	682
392	414	463	706	766	855
409	429	630	687	803	951
413	592	628	655	797	959
415	562	732	745	770	946
420	474	521	785	791	835
424	531	608	652	723	827
425	635	711	808	874	927
436	479	536	595	614	776
447	467	531	536	665	781
448	640	744	773	858	960
449	508	570	656	823	952
462	464	521	751	831	876
485	539	743	807	884	965
487	524	658	716	902	930
492	629	661	836	904	909
507	674	732	917	947	1000
552	559	642	764	929	948
563	715	743	781	870	905
617	732	927	943	964	997
622	646	730	767	980	986
626	715	726	841	882	918
642	692	703	777	828	851
643	688	704	773	788	977
